Comment,Sentiment
Head to http://brilliant.org/TinaHuang/ to get started for free with Brilliant's interactive lessons with 20% off an annual membership.,0.5106
"Do it yourself 
Belive u  can",0.0
"Highlight  :1
Rereading 
Note taking 
2:  familiarity effect
3 attempt diffrent types of questions or change diffrent subjects after one another instead of studying the same for hours 
4: multiple small test",0.34
Nice,0.4215
"1 a. Rereading/highlighting is most effective
1 b. Learning in clusters is most effective
1 c. Take the path of least resistance when learning will be most effective
2. Familiarity does not = learning
3. Learing 2 subjects in one day rather than separating it into different days
4. Multiple small test",0.8801
Interleaving is basically the secret funnel for learning‚Äîmixing skills like stacking offers keeps knowledge durable! üî•,0.4389
"It would be helpful if you could add timestamps to this video! I wanted to revisit a specific part, but it was hard to find. Thanks for the video!",0.6941
"Rereading, taking notes, highlighting 
Familiarity trap
Mix different king of questions 
Multiple small tests",-0.3182
"At first, search study materials like notes then ask other if they can mentor or not. Then use priming technique and try to understand some basics of ai. Then test yourself over and over again.
And on the other hand, Growth mindset means the ability to listen, understand and think about the topic very well and understand it very basely.",0.8999
"1.Hightlighting,re-reading & note taking
2.That they know the subject better but they are familiar with it only 
3.But dividing my study time into multiple subject instead of one subject today
4.I think small test like quiz is better than big test like essay or others. Because it makes easy to answer but difficult to understand",0.9169
"*TEST 01*

Ans 1) Three common learning misconceptions:

1. Practicing without any break 
2. Re-reading
3. Highlighting


Answer 2) Familiarity Trap (when highlighting or re-reading)


Answer 3) Using Interleaving technique in my own studies:

‚Ä¢ Day 01: Studying AI for 1hr + Analytical quizzes for 1hr + Maths for 1hr

‚Ä¢ Day 02: Studying Psychology for 1hr + Marketing for 1hr + AI for 1hr


Ans 4) Multiple small tests.

(This has actually helped me score 97% percentage in my final exams as my subject teacher used to take weekly exams throughout the year <3)

P.S. I tried ü•≤. The first question was hard.


*TEST 02*

Ans 1) Practicing by ourselves

And 2) According to me„Ö°growth mindset is about keep learning things even if we don't see results immediately, and keep working on the mistakes rather then giving up. (idk this what I think, and it's true in my case ‡ºé‡∫∂‚Å†‚Äø‚Å†‡ºé‡∫∂)",-0.0
Thank you very much :),0.6983
"Spaced repetition with visuals, kinesthetics, audials mixed",0.0
Could you olease do a analytical course?,0.0
I have a visual and tactile memory so writing notes and rereading are the most helpful for me because i can see the notes i wrote and where i was when i wrote them and thats how it starts to stick to my memory.,0.4754
"1- highlighting - rereading- note taking 

2- familiarity trap

3-you can use it by studying a 1 hour of math then a 1 hour of biology instead of 2 hours only for math 

4- multiple small tests",-0.3182
"I love reading but hate taking notes‚Äîtoo slow and messy to organize. I wish I could just speak my notes and have them automatically written and organized, wouldn't that be great?",-0.822
"1. Familiarity = Learning
Highlighting
Notetaking 

2. Familiarity
3. Mix and match
4. Multiple small tests",0.0
"learning has to be easy, practice a lot to learn... feel good learning doesn't means that you are really learning

Familiarity trap

studying courses of different topics the same day

Multiple small tests",0.5
Did you write this book with your pen name?,0.0
Book cover is good but could be better without the rectangle,0.7003
"Just a guess, but im betting she hasn't really spent a lot of time focused on her baseball swing.     Actually lost credibility there. Just regurgitating the book.",0.1154
"3 misconceptions: easier works better, taking notes good, learning in chunks
trap with highlighting and reading: familiarity.
interleaving: different disciplines over allocated time over one discipline per day.
Multiple small tests are better.",0.8481
Awesome!,0.6588
"First, great video so far!!
Second, Answers:
1. Thinking that learning can be fast / Knowledge vs Familiarity
2. they get familiar but think that they learned something
3. Instead of finishing learning something and then start another topic, I can divide my learning time to contain multiple topics.
4. multiple small tests.

other quiz
1. first start generating solution for certain problems yourself and then get started with learning the core concepts.
2. Growth mindset is to not accept the idea that only genetics can dictate if you're going to be a better learner, and that learning can be a skill that you get better at.",0.9261
Please keep Hong Kong free from the CCP rule. Don't let them take over Hong Kong!!!!,0.7762
great video! love the editing,0.8622
"Highlighting, re-reading and taking notes are how I've always learned. I'm extremely surprised they're among the bad techniques. Should I just burn all my notebooks then? üòÜ",-0.3197
"Answers to your questions 
1. ReReading, highlighting, not sure about 3rd one
2. Familiarity trap
3. Mix the topics while studying aka study different unrelated topics in your study hours
4. Multiple small tests are better

Answer to final quiz
1. Best way to learn AI is by trying or building stuff from scratch
2. Growth mindset is the belief that a person can learn new skills with proper practice over time and become better at it",0.8533
"misconceptions : we are not good judges of learning for ourselves 
familiarization trap is real 
when its hard its better always ü§£

familiarity trap 

study 2-3 subjects a day fkr some time instead of one whole
 multiple small tests",-0.5432
Aw yes learning to learn,0.4019
"The best way to learn AI is through practice (ur Ai course for ex ü´µüèºüòå )
U can improve ur intelligence and learning skills)",0.8807
"*1 familiarity trap 2 thinking u are a good judge of how well you learned 3t he beginner loop 4 thinking learning should be easy 
*The familiarity trap cuz they get used to seeing the information that they think they‚Äôve internalized it but they didn‚Äôt 
*You can study two subjects over two days instead of studying only one subject each day 
*Multiple small tests are better cuz the immunise students against forgetting and learning gaps",0.7184
"Currently reading Limitless by Jim Kwik and that too describes learning in a similar pattern, both are quite effective.",0.5256
I'm going to mention a strategy that nobody does that I think is effective and kind of fun. Power nap for like 20 minutes and an alarm to wake you up then just cram.,0.7357
"The best way to learn AI is by doing it. 
A growth mindset is an I can do it mindset.",0.7783
"#1 learning is supposed to be easy, 
#2 familiarity trap
#3 mix and match whatever I am studying for example I am currently studying data analytics with SQL and business analysis. I can mix and match my study time for both in a day rather than studying them separately on each day. 
#4 multiple small test is better",0.5423
"Misconceptions: we are not good at telling when we are actually learning. When learning feels harder, that‚Äôs when it ‚Äúlasts‚Äù longer. 
The trap people fall into when highlighting is ‚Äúfamiliarity‚Äù. 
You can use interleaving through learning 2 different subjects for 2 hours each, vs one subject for 4 hours 
Multiple tests are better",-0.2037
"What you mentioned about teaching other people concepts that you're trying to learn is actually called the Feynman technique. Basically, if you can simply complex concepts into digestible information that even a child can wrap its head around it, then you have a solid understanding of that topic.
 
It's so effective because it forces you to confront gaps in your knowledge, which you can then shore up by revisiting your notes. Stumbled across the technique years ago and it stayed with me since. 

It also reminds me of that Son of Man lyrics (Tarzan) saying ""In learning you will teach, and in teaching you will learn.""",0.5982
Been watching you for three years. You had inspired me and given me courage to learn programming.,0.7506
"1. learning is NOT easy. (It was #2)
(the other 2, well I had to go back ü•≤ and rewatch: they were #1 people are not good at self-evaluating ability to learn and #3 ""practice makes perfect"")
2. familiarity trap
3. (Not sure) Alternating between subjects or skills during a day, or a study session leads to higher efficiency and more effectiveness in learning. (My definition of interleaving)
4. Multiple small tests (spaced out) lead to better long term retention.",0.3995
Brilliant tips! What you said: allow yourself to get a little bit rusty. This technique changed my life in the past 12 months!,0.7418
"Question, if you have a limited time, say 1-2 hours per day. Would you still interleave your studies or better to just have 1 focus block of 1-2 hours one day for one topic and then another topic the next day?",-0.2263
Do you think I need to learn genrative ai before I can build ai agents?,0.0
"familiarity
multiple small test",0.0
"highlighting, re-reading,craming'",0.0
LOL,0.4215
I'm gonna buy the book now you have a made a video,0.0
"After listening to the audiobook Remember It by Nelson Dellis I got very excited with this topic and went on and bought me my copy of Make It Stick, sadly it's been laying alone on my bookshelf untouched, but after listening to your take about it I will definitely go and read it right now. Thank you, Tina!!!",0.7977
"League of Legends ü•≤ Remember not to log in on February 28th as a sign of protest (I do not even know, why am I writing this)",-0.25
"This one helps me a lot:
For every paragraph you read, at the end try to summarize the paragraph into 3 words, without looking at the content. 
Then at the end of each section, make a 1 sentence summary of the section.",0.4404
"-that you are Not learning If you feel stuck, that you are learning when in fact it just starts to feel familiar and third that things are easier to learn if you cluster them 
-it is too easy therefore you don‚Äôt actually learn and only get familiar 
-learn your subjects in turns, not in big humps
-small testing",0.5719
The Best Way 2 Learn AI Is By Applying What Is Learnt üòäüòäüòäüòäüòäüòä,0.6369
There R A Multitude of Learning Strategies So It All Dependz On What Actually Works 4 Me üòäüòäüòäüòäüòä,0.0
Great video! Fantastic book!,0.8513
"summarizing note taking cramming 
copy and pasting over taking the use of your own words is one of the major reasons 
using different methods of information consumption in an intertwined way.. read listen write 
multiple small test .",0.0
"really interesting and helpful vid and a  best camera-lightning setup so far , great to see as you improve as well",0.9619
"The strategies the writer has espoused in the book are good. 
However, there are a few things to consider:
Highlighting, Rereading and Taking notes all have their place in learning, it just maybe that for most people, it won't be as effective if we make them fair against  some other strategies like spaced repetition and quizzing and others.
For example, Highlighting won't improve your memory for that info that you highlighted, yes (for most people). However, highlighting important points/topics/lines/blocks can actually help you review things quickly before exams when you are short for time. You don't wanna search trough which points are important to focus on before an exam, especially if you don't have much time to review them.
Another thing is that while highlighting won't improve your retention/memory for that particular text/block, if you have Synesthesia, then highlighting will very likely improve your retention of that piece of text. Now, yes, people with Synesthesia are relatively rare, but I thought it's better that I mention this.

Rereading can be quite helpful for glancing through concepts before an exam, but I would say ""Selective Rereading"", basically, Rereading the concepts which, for whatever reason, you forget more often than not, and concepts that are very important for that exam.

And Taking notes, again, basically helps you go through the concepts relatively quickly when you review them before an exam.

All in all though, the information provided in this book is very good, especially the ""Testing/Quizzing before learning a concept, aka, Priming"" strategy. I have used this during learning coding (JavaScript), and it really works, even though it seems counter-intuitive.",0.9633
"best way to learn AI - practical Implementation , Growth mindset - using visual ,audio or text for different things to learn accordingly approaching things different perspective for better understanding",0.8658
What a coincidence! I just started reading this book yesterday.,0.0
"Es de mucho valor la informaci√≥n de este video, gracias Tina!!",0.0
So if you don't take notes... how does one go and review math concepts after class?,0.0
Thank you for this video! I have read this book before but I have not consistently followed the advice.   You have motivated me to apply these techniques for this new scary thing I have to learn at work.  ‚ù§,0.1882
"Mini quiz:
1) forgot
2) familiarity trap
3) studying different topics instead of a single topic per study session
4) multiple small tests",-0.3182
Respectfully: I love you Tina!!,0.8168
"For my experience, make a song out of your subject matter, and make it catchy.  It‚Äôs not that you might remember it, you will never be able to forget it. Same with scents, noises, stories, jokes, etc. I doubt my take it science, but it works. Mnemonics are helpful in this way, too. 7 Ps: Priorüò¢ Planning Prevents P!SS Poor Peformance - remember that.. and the hidden catch",-0.2363
"For my experience, make a song out of your subject matter, and make it catchy.  It‚Äôs not that you might remember it, you will never be able to forget it. Same with scents, noises, stories, jokes, etc. I doubt my take it science, but it works. Mnemonics are helpful in this way, too. 7 Ps: Priorüò¢ Planning Prevents P!SS Poor Peformance - remember that.. and the hidden catch",-0.2363
1. note taking 2. highlighting 3.rereading/ 2. the familiarity trap/ 3.my mixing two subjects/ 4.multiple small tests.,0.0
"1. Learning misconceptions;
- ""I know things because I learn. I don't know things because I don't""
- Learning should be easy
- Repeated practice works
2. Familiarity Trap.
3. By studying AI prompt engineering after Macroeconomics at the same day instead of one subject for one day.
4. Multiple steps. Higher retention rate.",0.1531
I need strategies to learn what is in this video üê¢ü¶ï,0.0
Ty for your videos. You do a great job and you are helping me grow. I appreciate that and I hope your channel grows and that your success in YT has no ceiling.,0.9432
"Former teacher, after teaching over a thousand 1000 students, all I really know is how I learn",0.0
"Top 3 learning misconceptions 
1 highlighting
2 re reading
3 taking notes
The trap people fall into when highlighting or re reading ? 
I am unsure but I feel like it makes you feel like you are learning but it is too easy so you don't  actually  learn. 
How you can use interleaving in yiu own studies? 
By guessing the connections  your mind can find and put them together and mix and matching .
Multiple small tests are better than larger ones. 
Writing and watching this after a day's worth of work done too tired but fired up to how to learn",0.7514
"1) 3 common mistakes are passive learning, _, _.
2) They are not actively learning.
3) You can study topic A then topic B one day, and the next B then A. Instead of A one day, and B the other.
4) Multiple small tests are better as you are actively recalling more often.
5) Kinaesthetics learning is the best way to learn about LLMs.
6) Growth mindset is knowing that you can improve.",0.8392
"1. Highlighting, taking down notes, and something...I forgot the last one
2. they focus on regurgitating information instead of focusing on it
3. I totally forgot about this, i think i lost focus
4. Multiple small steps

now, to the rest of the comments",-0.3182
If someone is visual and a non-auditory learner it makes sense to take notes and sketch.,0.0
"I do that a lot... If i compare a study guides from differernt vendors and find their cetifications are not well structured like databricks cert objectives, I dont and wont find it enticing. I like structure like bacpropagation and forward propagation confirming error correction and holding a reservior of strength and breath in the muscles with a tactile or kinetic walks for a long duration of time. Microsoft certifications have a good idea of keeping their study guide or objective in a framed, structured approach which helps in acquiring sound understanding and knowledge of the domain or workload - a cleaner form of seeing actionable pipeline or series of steps, processes or operations. A certain company are so brilliant they wanted their analytics team and newbies to be comfortable with knowing what a data pipeline is by recognising it in their study guide - their competition are just everywhere waiting for others to follow them based on their ELT big data version.",0.8962
"1) when studying feel super hard and you feel there's no progress (misconception #1) / Truth is you are learning but its subconscious .
2) watching a teacher show you how to do or solve and think you get it but when facing the problem alone you get stuck(misconception #2) / To truly know you must do the work. 
3) ""im guilty of this one"" Thinking pushing one self or applying tremendous pressure to repeat until you get it is great learning (misconception #3)/ Breaks are good actually there great!

 >>> The trap they fall into is the ""familiarity learning trap"" (mindless highlighting )

>>> Interleaving is a strategy to retain and learn more by learning different parts/subject/category  in between another... most effective yet highly difficult .

>>>Priming / Multiple small quiz/tests give the best results.",0.9512
"I really enjoy your book/education videos. More than technical learning (coding, math, music, etc.) I prefer psychology and internal transformation (mental awareness, emotional intelligence, etc.). For example, Make It Stick is far more interesting than Basic Economics by Thomas Sowell to me. In fact, I'm curious if Brown et al. discuss whether interest in the subject matter is a factor. Because I really like learning self-help techniques and applying them immediately. For example, I just read The 5-Second Rule by Mel Robbins. Basically, I have a slight shyness around people I don't know. I know, shocking. It's not horrible, but it's certainly there. After reading The 5-second Rule, I decided to test the book and went up to about 8 or 9 people independently over the last 2 weeks at my gym and asked them if they were interested in going rock climbing. Most, about 2/3rd, said yes, half showed up, and Tina, we had a blast. What was funny was that I was surprised at how people long for community. They kept saying during the day, ""What are we going to do next...what's our next outing?"" I like learning mental and emotional awareness and applying immediately to see if it works and if I'm up for the challenge. Anyway, I highly recommend you read the 5-Second Rule if you haven't. I can walk up to anyone now.",0.9881
I'm wondering how the improved results of testing throughout the semester vs have only midterm/final relate to familiarity bias. Are they truly so different?,0.6808
"Due to my ADHD I don't stick to same subjects while learning, i mix my studying subjects so that I can increase my dopamine levels, so that I can keep my learning habits consistent",0.3744
"I didn't know interleaving was a thing but have been doing it after hitting a learning wall and wanted to clear my brain a bit. Early days, but it seems to be pretty effective",0.9161
Can you make a video on MLP Neural Network??,0.0
Fantastic advice!,0.5983
"After 30+ years of always learning (Programmer/developer/software analyst), you get burned out.  I stopped working on getting certifications because I always have to take paid tests, every year, even if you use the software on a daily basis.  Things change so much so fast.  There are days where I just want to sit down and read a fantasy/sci fi book.  Not read an article on best Database practices, or upgrade to an existing programming software.  

Learn from Tina's strategies while you are young.  It will help you not get burned out when you are older...like me. ha ha",0.8779
"I recommend reading ""Pragmatic Thinking and Learning :
Refactor Your Wetware"" too helped me a lot",0.3612
"Interesting video, thanks for the info. I‚Äôm going to look into that booküòäü§ôüèΩ",0.6808
Glad to be here. Thank you Tina.,0.6705
"Love the content, great quality too!üôèüèæ keep up the great work üòä",0.9286
"Tina how do you structure your day? You read a lot and producing Youtube videos and running a business. How you do it?

Edit: I thought repeated practice or re-reading is helpful",0.4871
"Nerd














































s are awesome. üôè",0.4404
